{
    "width": 1280, 
    "intrinsic_matrix": [
        913.8269653320312, 
        0, 
        0, 
        0, 
        913.8372192382812, 
        0, 
        642.2918090820312, 
        366.44708251953125, 
        1
    ], 
    "height": 720
}